phase,perp,theta,alpha,lucretirus,r_e,loss
0.29461637365305227,0.8784573642791599,0.32265251316229815,0.01,99.97257777013394,0.0027141363571816512
